{"intents": [
  {"tag": "greetings",
  "patterns": ["hello","hey","hi","good day","Greetings","what's up?","how is it going?","(ram ram)"],
  "responses": ["(Ram Ram)","(Hey!)","What can I do for you?"]
  },

  {"tag": "name",
  "patterns": ["what is your name","name","what's your name","who are you","what should I call you"],
  "responses": ["(You can call me Vidyarthi)","(I'm Vidyarthi)","(I'm Vidyarthi your virtual assistant)"]
  },

  {"tag": "hadoop mkdir",
  "patterns": ["make directory","what is command for make directory ", "how to make directory"],
  "responses": ["(Hadoop fs -mkdir)"]  },
{
    "tag": "hadoop_ls",
    "patterns": ["list file","List files/directories in HDFS","list"],
    "responses": ["(Hadoop fs -ls)"]
  },
  {
    "tag": "hadoop_mkdir",
    "patterns": ["Create directories in HDFS","create directory"],
    "responses": ["(Hadoop fs -mkdir)"]
  },
  
  {
    "tag": "hadoop_copyToLocal",
    "patterns": ["copy to local","Copy files from HDFS to the local file system"],
    "responses": ["(Hadoop fs -copyToLocal)"]
  },
  {
    "tag": "hadoop_put",
    "patterns": ["copy local file to hdfs","Copy files from the local file system to HDFS","local to hdfs"],
    "responses": ["(Hadoop fs -put)"]
  },
  {
    "tag": "hadoop_get",
    "patterns": ["copy hdfs to local","Copy files from HDFS to the local file system","copy hdfs to local"],
    "responses": ["(Hadoop fs -get)"]
  },
  {
    "tag": "hadoop_mv",
    "patterns": ["move file","Move files within HDFS"],
    "responses": ["(Hadoop fs -mv)"]
  },
  {
    "tag": "hadoop_cp",
    "patterns": ["copy ","Copy files within HDFS"] ,
    "responses": ["(Hadoop fs -cp)"]
  },
  {
    "tag": "hadoop_rm",
    "patterns": ["delete file","Delete files from HDFS","delete"],
    "responses": ["(Hadoop fs -rm)"]
  },
  {
    "tag": "hadoop_rmr",
    "patterns": ["delete directory","Delete directories from HDFS recursively"],
    "responses": ["(Hadoop fs -rmr)"]
  },
  {
    "tag": "hadoop_cat",
    "patterns": ["display content","Display file content","show"],
    "responses": ["(Hadoop fs -cat)"]
  },
  {
    "tag": "hadoop_tail",
    "patterns": ["display last part","Display the last part of a file","show tail"],
    "responses": ["(Hadoop fs -tail)"]
  },
  {
    "tag": "hadoop_du",
    "patterns": ["disk usage","Display disk usage information"],
    "responses": ["(Hadoop fs -du)"]
  },
  {
    "tag": "hadoop_df",
    "patterns": ["file  disk usage","Display filesystem disk space information","file disk use"],
    "responses": ["(Hadoop fs -df)"]
  },
  {
    "tag": "hadoop_chmod",
    "patterns": ["change permission","Change permissions of files/directories in HDFS"],
    "responses": ["(Hadoop fs -chmod)"]
  },
  {
    "tag": "hadoop_chown",
    "patterns": ["change owner","Change owner of files/directories in HDFS"],
    "responses": ["(Hadoop fs -chown)"]
  },
  {
    "tag": "hadoop_chgrp",
    "patterns": ["change group","Change group association of files/directories in HDFS","Group change"],
    "responses": ["(Hadoop fs -chgrp)"]
  },
  {
    "tag": "hadoop_touchz",
    "patterns": ["create empty file","Create a file of zero length in HDFS","empty file"],
    "responses": ["(Hadoop fs -touchz)"]
  },
  {
    "tag": "hadoop_stat",
    "patterns": ["file status","Display file status","status"],
    "responses": ["(Hadoop fs -stat)"]
  },
  {
    "tag": "hadoop_setrep",
    "patterns": ["set replication factor","Set the replication factor of files in HDFS","set rf"],
    "responses": ["(Hadoop fs -setrep)"]
  },
  {
    "tag": "hadoop_test",
    "patterns": ["check ","Test existence of files/directories","test"],
    "responses": ["(Hadoop fs -test)"]
  },
  {
    "tag": "hadoop_text",
    "patterns": ["output in text","Output data of a file in text format","output text"],
    "responses": ["(Hadoop fs -text)"]
  },
  {
    "tag": "hadoop_count",
    "patterns": ["number of directories","Count the number of directories, files, and bytes under the paths that match the specified file pattern","number of dirt"],
    "responses": ["(Hadoop fs -count)"]
  },
  {
    "tag": "hadoop_find",
    "patterns": ["search file","Search for files in a directory hierarchy in HDFS"],
    "responses": ["(Hadoop fs -find)"]
  },
  
     {"tag": "goodbye",
  "patterns": ["cya","See you later","Goodbye","I am leaving","Have a Good Day","bye","see ya"],
  "responses": ["(Sad to see you go) ","(Talk you later)","(Goodbye)"]
  },

  {"tag": "invalid",
    "patterns": ["","gvsd","asbhk"],
    "responses": ["(Sorry, can't understand you)", "(Please give me more info)", "(Not sure I understand)"]
  },

  {"tag": "thanks",
    "patterns": ["Thanks", "Thank you", "That's helpful", "Awesome, thanks", "Thanks for helping me"],
    "responses": ["(Happy to help!)", "(Any time!)", "(My pleasure)"]
},
{"tag": "owner",
  "patterns": ["father","designer","Devloper","programer"],
  "responses": ["(Abhishek_Hingmire) "]
  },
  {"tag": "birthday",
  "patterns": ["DOB","birthday","Date of birth"],
  "responses": ["(19 May 2024) "]
  },
  {"tag": "place",
  "patterns": ["birthplace","belong","place of birth"],
  "responses": ["(Raintree Marg, near Bharati Vidyapeeth, Sector 7, CBD Belapur, Navi Mumbai, Maharashtra 400614) "]
  },
{
      "tag": "greetings",
      "patterns": ["hello", "hey", "hi", "good day", "Greetings", "what's up?", "how is it going?", "ram ram"],
      "responses": ["(Ram Ram)", "(Hey!)", "What can I do for you?"]
    },
    {
      "tag": "spark",
      "patterns": ["What is Spark?", "What is Apache Spark?", "Explain Apache Spark.", "What does Apache Spark do?"],
      "responses": ["Apache Spark is an open-source distributed computing system that provides an interface for programming entire clusters with implicit data parallelism and fault tolerance\n It's commonly used for big data processing and analytics\n Spark can perform batch processing, streaming analytics\n machine learning, and interactive queries."]
    },
    {
      "tag": "hadoop",
      "patterns": ["What is Hadoop?", "Explain Apache Hadoop.", "What does Hadoop do?"],
      "responses": ["Apache Hadoop is an open-source framework for distributed storage and processing of large datasets using clusters of commodity hardware\n It consists of the Hadoop Distributed File System (HDFS) for storage and the MapReduce programming model for processing data across clusters."]
    },
    {
      "tag": "hive",
      "patterns": ["What is Hive?", "Explain Apache Hive.", "What does Hive do?"],
      "responses": ["Apache Hive is a data warehousing infrastructure built on top of Hadoop for providing data summarization, queryand analysis\n It provides SQL-like queries called HiveQL\n which are translated into MapReduce or Apache Tez jobs for execution on Hadoop clusters."]
    },
    {
      "tag": "hadoop_structure",
      "patterns": ["What is the structure of Hadoop?", "Explain the components of Hadoop."],
      "responses": ["Hadoop typically consists of a cluster of commodity hardware servers\n It has two main components: Hadoop Distributed File System (HDFS) and MapReduce."]
    },
    {
      "tag": "spark_architecture",
      "patterns": ["Explain Spark architecture.", "What are the components of Spark architecture?"],
      "responses": ["Spark architecture includes components such as Driver Program,\n Cluster Manager, Executor, Resilient Distributed Dataset (RDD)\n Directed Acyclic Graph (DAG) Scheduler, and Cache and Storage."]
    },
    {
      "tag": "hive_architecture",
      "patterns": ["Explain Hive architecture.", "What are the components of Hive architecture?"],
      "responses": ["Hive architecture includes components such as HiveQL, Driver, Metastore, Execution Engine,\n and Hadoop Distributed File System (HDFS)."]
    },
    {
      "tag": "hbase",
      "patterns": ["What is HBase?", "Explain Apache HBase.", "What does HBase do?"],
      "responses": ["Apache HBase is a distributed\n scalable, NoSQL database built on top of Hadoop\n It provides real-time read/write access to large datasets."]
    }
]}
